"route","pickup_site","file_date","member_id"
"Fair Shares - Thursday","FSD",2026-08-07,287
"Fair Shares - Thursday","FSD",2026-08-07,1857
"Fair Shares - Thursday","FSD",2026-08-07,825
"Fair Shares - Thursday","FSD",2026-08-07,11
"Fair Shares - Thursday","FSD",2026-08-07,471
"Fair Shares - Thursday","FSD",2026-08-07,761
"Fair Shares - Thursday","FSD",2026-08-07,502
"Fair Shares - Thursday","FSD",2026-08-07,433
"Fair Shares - Thursday","FSD",2026-08-07,549
"Fair Shares - Thursday","FSD",2026-08-07,293
"Fair Shares - Thursday","FSD",2026-08-07,310
"Fair Shares - Thursday","FSD",2026-08-07,963
"Fair Shares - Thursday","FSD",2026-08-07,928
"Fair Shares - Thursday","FSD",2026-08-07,2001
"Fair Shares - Thursday","FSD",2026-08-07,1236
"Fair Shares - Thursday","FSD",2026-08-07,364
"Fair Shares - Thursday","FSD",2026-08-07,876
"Fair Shares - Thursday","FSD",2026-08-07,636
"Fair Shares - Thursday","FSD",2026-08-07,250
"Fair Shares - Thursday","FSD",2026-08-07,1932
"Fair Shares - Thursday","FSD",2026-08-07,643
"Fair Shares - Thursday","FSD",2026-08-07,958
"Fair Shares - Thursday","FSD",2026-08-07,912
"Fair Shares - Thursday","FSD",2026-08-07,900
"Fair Shares - Thursday","FSD",2026-08-07,959
"Fair Shares - Thursday","FSE",2026-08-07,1871
"Fair Shares - Thursday","FSE",2026-08-07,756
"Fair Shares - Thursday","FSE",2026-08-07,499
"Fair Shares - Thursday","FSE",2026-08-07,1977
"Fair Shares - Thursday","FSE",2026-08-07,700
"Fair Shares - Thursday","FSE",2026-08-07,566
"Fair Shares - Thursday","FSE",2026-08-07,31
"Fair Shares - Thursday","FSE",2026-08-07,1102
"Fair Shares - Thursday","FSE",2026-08-07,1131
"Fair Shares - Thursday","FSE",2026-08-07,1383
"Fair Shares - Thursday","FSE",2026-08-07,1047
"Fair Shares - Thursday","FSE",2026-08-07,83
"Fair Shares - Thursday","FSE",2026-08-07,1839
"Fair Shares - Thursday","FSE",2026-08-07,875
"Fair Shares - Thursday","FSE",2026-08-07,308
"Fair Shares - Thursday","FSE",2026-08-07,22
"Fair Shares - Thursday","FSE",2026-08-07,1268
"Fair Shares - Thursday","FSE",2026-08-07,1717
"Fair Shares - Thursday","FSE",2026-08-07,493
"Fair Shares - Thursday","FSE",2026-08-07,245
"Fair Shares - Thursday","FSE",2026-08-07,1864
"Fair Shares - Thursday","FSE",2026-08-07,699
"Fair Shares - Thursday","FSE",2026-08-07,1353
"Fair Shares - Thursday","FSE",2026-08-07,1271
"Fair Shares - Thursday","FSE",2026-08-07,722
"Fair Shares - Thursday","FSE",2026-08-07,1706
"Fair Shares - Thursday","FSE",2026-08-07,834
"Fair Shares - Thursday","FSE",2026-08-07,281
"Fair Shares - Thursday","FSE",2026-08-07,657
"Fair Shares - Thursday","FSE",2026-08-07,1156
"Fair Shares - Thursday","FSE",2026-08-07,67
"Fair Shares - Thursday","FSE",2026-08-07,979
"Fair Shares - Thursday","FSE",2026-08-07,249
"Fair Shares - Thursday","FSE",2026-08-07,289
"Fair Shares - Thursday","FSE",2026-08-07,587
"Fair Shares - Thursday","FSE",2026-08-07,593
"Fair Shares - Thursday","FSE",2026-08-07,1416
"Fair Shares - Thursday","FSE",2026-08-07,1719
"Fair Shares - Thursday","FSE",2026-08-07,1752
"Fair Shares - Thursday","FSE",2026-08-07,725
"Fair Shares - Thursday","FSE",2026-08-07,652
"Fair Shares - Thursday","FSE",2026-08-07,885
"Fair Shares - Thursday","FSE",2026-08-07,790
"Fair Shares - Thursday","FSE",2026-08-07,904
"Fair Shares - Thursday","FSE",2026-08-07,1440
"Fair Shares - Thursday","FSE",2026-08-07,1505
"Fair Shares - Thursday","FSMini-t",2026-08-07,1671
"Fair Shares - Thursday","FSMini-t",2026-08-07,501
"Fair Shares - Thursday","FSMini-t",2026-08-07,32
"Fair Shares - Thursday","FSMini-t",2026-08-07,1622
"Fair Shares - Thursday","FSMini-t",2026-08-07,670
"Fair Shares - Thursday","FSMini-t",2026-08-07,1593
"Fair Shares - Thursday","FSMini-t",2026-08-07,514
"Fair Shares - Thursday","FSMini-t",2026-08-07,401
"Fair Shares - Thursday","FSMini-t",2026-08-07,329
"Fair Shares - Thursday","FSMini-t",2026-08-07,1941
"Fair Shares - Thursday","FSMini-t",2026-08-07,1652
"Fair Shares - Thursday","FSMini-t",2026-08-07,1431
"Fair Shares - Thursday","FSMini-t",2026-08-07,1900
"Fair Shares - Thursday","FSMini-t",2026-08-07,1873
"Fair Shares - Thursday","FSMini-t",2026-08-07,1453
"Fair Shares - Thursday","FSMini-t",2026-08-07,133
"Fair Shares - Thursday","FSMini-t",2026-08-07,1468
"Fair Shares - Thursday","FSMini-t",2026-08-07,39
"Fair Shares - Thursday","FSMini-t",2026-08-07,1750
"Fair Shares - Thursday","FSMini-t",2026-08-07,1521
"Fair Shares - Thursday","FSMini-t",2026-08-07,171
"Fair Shares - Thursday","FSMini-t",2026-08-07,463
"Fair Shares - Thursday","Fair Shares Thursday Pickup",2026-08-07,1001
"Fair Shares - Thursday","Fair Shares Thursday Pickup",2026-08-07,477
"Fair Shares - Thursday","Fair Shares Thursday Pickup",2026-08-07,646
"Fair Shares - Thursday","Fair Shares Thursday Pickup",2026-08-07,1280
"Fair Shares - Thursday","Fair Shares Thursday Pickup",2026-08-07,1926
"Fair Shares - Thursday","Fair Shares Thursday Pickup",2026-08-07,21
"Fair Shares - Thursday","Fair Shares Thursday Pickup",2026-08-07,378
"Fair Shares - Thursday","Fair Shares Thursday Pickup",2026-08-07,383
"Fair Shares - Thursday","Fair Shares Thursday Pickup",2026-08-07,1875
"Fair Shares - Thursday","Fair Shares Thursday Pickup",2026-08-07,921
"Fair Shares - Thursday","Fair Shares Thursday Pickup",2026-08-07,939
"Fair Shares - Thursday","Fair Shares Thursday Pickup",2026-08-07,1421
"Fair Shares - Thursday","Fair Shares Thursday Pickup",2026-08-07,1327
"Fair Shares - Thursday","Fair Shares Thursday Pickup",2026-08-07,420
"Fair Shares - Thursday","Fair Shares Thursday Pickup",2026-08-07,1339
"Fair Shares - Thursday","Fair Shares Thursday Pickup",2026-08-07,208
"Fair Shares - Thursday","Fair Shares Thursday Pickup",2026-08-07,1036
"Fair Shares - Thursday","Fair Shares Thursday Pickup",2026-08-07,511
"Fair Shares - Thursday","Fair Shares Thursday Pickup",2026-08-07,1374
"Fair Shares - Thursday","Fair Shares Thursday Pickup",2026-08-07,183
"Fair Shares - Thursday","Fair Shares Thursday Pickup",2026-08-07,393
"Fair Shares - Thursday","Fair Shares Thursday Pickup",2026-08-07,1731
"Fair Shares - Thursday","Fair Shares Thursday Pickup",2026-08-07,970
"Fair Shares - Thursday","Fair Shares Thursday Pickup",2026-08-07,1351
"Fair Shares - Thursday","Fair Shares Thursday Pickup",2026-08-07,443
"Fair Shares - Thursday","Fair Shares Thursday Pickup",2026-08-07,579
"Fair Shares - Thursday","Fair Shares Thursday Pickup",2026-08-07,1851
"Fair Shares - Thursday","Fair Shares Thursday Pickup",2026-08-07,1542
"Fair Shares - Thursday","Fair Shares Thursday Pickup",2026-08-07,1277
"Fair Shares - Thursday","Fair Shares Thursday Pickup",2026-08-07,361
"Fair Shares - Thursday","Fair Shares Thursday Pickup",2026-08-07,539
"Fair Shares - Thursday","Fair Shares Thursday Pickup",2026-08-07,1522
"Fair Shares - Thursday","Fair Shares Thursday Pickup",2026-08-07,182
"Fair Shares - Thursday","Fair Shares Thursday Pickup",2026-08-07,276
"Fair Shares - Thursday","Fair Shares Thursday Pickup",2026-08-07,1661
"Fair Shares - Thursday","Fair Shares Thursday Pickup",2026-08-07,1249
"Fair Shares - Thursday","Fair Shares Thursday Pickup",2026-08-07,1312
"Fair Shares - Thursday","Fair Shares Thursday Pickup",2026-08-07,1730
"Fair Shares - Thursday","Fair Shares Thursday Pickup",2026-08-07,701
"Fair Shares - Thursday","Fair Shares Thursday Pickup",2026-08-07,1363
"Fair Shares - Thursday","Fair Shares Thursday Pickup",2026-08-07,1472
"Fair Shares - Thursday","Fair Shares Thursday Pickup",2026-08-07,1657
"Fair Shares - Thursday","Fair Shares Thursday Pickup",2026-08-07,1711
"Fair Shares - Thursday","Fair Shares Thursday Pickup",2026-08-07,1430
"Fair Shares - Thursday","Fair Shares Thursday Pickup",2026-08-07,583
"Fair Shares - Thursday","Fair Shares Thursday Pickup",2026-08-07,1497
"Fair Shares - Thursday","Fair Shares Thursday Pickup",2026-08-07,562
"Fair Shares - Thursday","Fair Shares Thursday Pickup",2026-08-07,1466
"Fair Shares - Thursday","Fair Shares Thursday Pickup",2026-08-07,867
"Fair Shares - Thursday","Fair Shares Thursday Pickup",2026-08-07,1825
"Fair Shares - Thursday","Fair Shares Thursday Pickup",2026-08-07,1641
"Fair Shares - Thursday","Fair Shares Thursday Pickup",2026-08-07,165
"Fair Shares - Thursday","Fair Shares Thursday Pickup",2026-08-07,730
"Fair Shares - Thursday","Fair Shares Thursday Pickup",2026-08-07,1229
"Fair Shares - Thursday","Fair Shares Thursday Pickup",2026-08-07,1929
"Fair Shares - Thursday","Fair Shares Thursday Pickup",2026-08-07,610
"Fair Shares - Thursday","Fair Shares Thursday Pickup",2026-08-07,1171
"Fair Shares - Thursday","Fair Shares Thursday Pickup",2026-08-07,131
"Fair Shares - Thursday","Fair Shares Thursday Pickup",2026-08-07,550
"Fair Shares - Thursday","Fair Shares Thursday Pickup",2026-08-07,1247
"Fair Shares - Thursday","Fair Shares Thursday Pickup",2026-08-07,419
"Fair Shares - Thursday","Fair Shares Thursday Pickup",2026-08-07,1066
"Fair Shares - Thursday","Fair Shares Thursday Pickup",2026-08-07,744
"Fair Shares - Thursday","Fair Shares Thursday Pickup",2026-08-07,1744
"Fair Shares - Thursday","Fair Shares Thursday Pickup",2026-08-07,559
"Fair Shares - Thursday","Fair Shares Thursday Pickup",2026-08-07,121
"Fair Shares - Thursday","Fair Shares Thursday Pickup",2026-08-07,714
"Fair Shares - Thursday","Fair Shares Thursday Pickup",2026-08-07,556
"Fair Shares - Thursday","Fair Shares Thursday Pickup",2026-08-07,937
"Fair Shares - Thursday","Fair Shares Thursday Pickup",2026-08-07,327
"Fair Shares - Thursday","Fair Shares Thursday Pickup",2026-08-07,65
"Fair Shares - Thursday","Fair Shares Thursday Pickup",2026-08-07,1439
"Fair Shares - Thursday","Fair Shares Thursday Pickup",2026-08-07,1087
"Fair Shares - Thursday","Fair Shares Thursday Pickup",2026-08-07,619
"Fair Shares - Thursday","Fair Shares Thursday Pickup",2026-08-07,140
"Fair Shares - Thursday","Fair Shares Thursday Pickup",2026-08-07,152
"Fair Shares - Thursday","Fair Shares Thursday Pickup",2026-08-07,710
"Fair Shares - Thursday","Fair Shares Thursday Pickup",2026-08-07,340
"Fair Shares - Thursday","Fair Shares Thursday Pickup",2026-08-07,363
"Fair Shares - Thursday","Fair Shares Thursday Pickup",2026-08-07,1377
"Fair Shares - Thursday","Fair Shares Thursday Pickup",2026-08-07,801
"Fair Shares - Thursday","Fair Shares Thursday Pickup",2026-08-07,1680
"Fair Shares - Thursday","Fair Shares Thursday Pickup",2026-08-07,1890
"Fair Shares - Thursday","Fair Shares Thursday Pickup",2026-08-07,1884
"Fair Shares - Thursday","Fair Shares Thursday Pickup",2026-08-07,331
"Fair Shares - Thursday","Fair Shares Thursday Pickup",2026-08-07,796
"Fair Shares - Thursday","Fair Shares Thursday Pickup",2026-08-07,408
"Fair Shares - Thursday","Fair Shares Thursday Pickup",2026-08-07,1435
"Fair Shares - Thursday","Fair Shares Thursday Pickup",2026-08-07,616
"Fair Shares - Thursday","Fair Shares Thursday Pickup",2026-08-07,260
"Fair Shares - Thursday","Fair Shares Thursday Pickup",2026-08-07,1149
"Fair Shares - Thursday","Fair Shares Thursday Pickup",2026-08-07,1211
"Fair Shares - Thursday","Fair Shares Thursday Pickup",2026-08-07,509
"Fair Shares - Thursday","Fair Shares Thursday Pickup",2026-08-07,169
"Fair Shares - Thursday","Fair Shares Thursday Pickup",2026-08-07,997
"Fair Shares - Thursday","Fair Shares Thursday Pickup",2026-08-07,785
"Fair Shares - Thursday","Fair Shares Thursday Pickup",2026-08-07,1188
"Fair Shares - Thursday","Fair Shares Thursday Pickup",2026-08-07,1436
"Fair Shares - Thursday","Fair Shares Thursday Pickup",2026-08-07,537
"Fair Shares - Thursday","Fair Shares Thursday Pickup",2026-08-07,1777
"Fair Shares - Thursday","Fair Shares Thursday Pickup",2026-08-07,315
"Fair Shares - Thursday","Fair Shares Thursday Pickup",2026-08-07,1775
"Fair Shares - Thursday","Fair Shares Thursday Pickup",2026-08-07,956
"Fair Shares - Thursday","Fair Shares Thursday Pickup",2026-08-07,978
"Fair Shares - Thursday","Fair Shares Thursday Pickup",2026-08-07,1002
"Fair Shares - Thursday","Fair Shares Thursday Pickup",2026-08-07,1283
"Fair Shares - Thursday","Fair Shares Thursday Pickup",2026-08-07,27
"Fair Shares - Thursday","Fair Shares Thursday Pickup",2026-08-07,765
"Fair Shares - Thursday","Fair Shares Thursday Pickup",2026-08-07,1005
"Fair Shares - Thursday","Fair Shares Thursday Pickup",2026-08-07,705
"Fair Shares - Thursday","Fair Shares Thursday Pickup",2026-08-07,941
"Fair Shares - Thursday","Fair Shares Thursday Pickup",2026-08-07,1168
"Fair Shares - Thursday","Fair Shares Thursday Pickup",2026-08-07,203
"Fair Shares - Thursday","Fair Shares Thursday Pickup",2026-08-07,827
"Fair Shares - Thursday","Fair Shares Thursday Pickup",2026-08-07,330
"Fair Shares - Thursday","Fair Shares Thursday Pickup",2026-08-07,555
"Fair Shares - Thursday","Fair Shares Thursday Pickup",2026-08-07,1064
"Fair Shares - Thursday","Fair Shares Thursday Pickup",2026-08-07,580
"Fair Shares - Thursday","Fair Shares Thursday Pickup",2026-08-07,987
"Fair Shares - Thursday","Fair Shares Thursday Pickup",2026-08-07,495
"Fair Shares - Thursday","Fair Shares Thursday Pickup",2026-08-07,779
"Fair Shares - Thursday","Fair Shares Thursday Pickup",2026-08-07,1003
"Fair Shares - Thursday","Fair Shares Thursday Pickup",2026-08-07,966
"Fair Shares - Thursday","Fair Shares Thursday Pickup",2026-08-07,76
"Fair Shares - Thursday","Fair Shares Thursday Pickup",2026-08-07,1520
"Fair Shares - Thursday","Fair Shares Thursday Pickup",2026-08-07,1524
"Fair Shares - Thursday","Fair Shares Thursday Pickup",2026-08-07,1164
"Fair Shares - Thursday","Fair Shares Thursday Pickup",2026-08-07,770
"Fair Shares - Thursday","Fair Shares Thursday Pickup",2026-08-07,1493
"Fair Shares - Thursday","Fair Shares Thursday Pickup",2026-08-07,1786
"Fair Shares - Thursday","Fair Shares Thursday Pickup",2026-08-07,1308
"Fair Shares - Thursday","Fair Shares Thursday Pickup",2026-08-07,1375
"Fair Shares - Thursday","Fair Shares Thursday Pickup",2026-08-07,1805
"Fair Shares - Thursday","Fair Shares Thursday Pickup",2026-08-07,1824
"Fair Shares - Thursday","Fair Shares Thursday Pickup",2026-08-07,1809
"Fair Shares - Thursday","Fair Shares Thursday Pickup",2026-08-07,1496
"Fair Shares - Thursday","Fair Shares Thursday Pickup",2026-08-07,1794
"Fair Shares - Thursday","Fair Shares Thursday Pickup",2026-08-07,890
"Fair Shares - Thursday","Fair Shares Thursday Pickup",2026-08-07,174
"Fair Shares - Thursday","Fair Shares Thursday Pickup",2026-08-07,909
"Fair Shares - Thursday","Fair Shares Thursday Pickup",2026-08-07,1655
"Fair Shares - Thursday","Fair Shares Thursday Pickup",2026-08-07,1910
"Fair Shares - Thursday","Fair Shares Thursday Pickup",2026-08-07,1020
"Fair Shares - Thursday","Fair Shares Thursday Pickup",2026-08-07,1243
"Fair Shares - Thursday","Fair Shares Thursday Pickup",2026-08-07,529
"Fair Shares - Thursday","Fair Shares Thursday Pickup",2026-08-07,942
"Fair Shares - Thursday","Fair Shares Thursday Pickup",2026-08-07,142
"Fair Shares - Thursday","Fair Shares Thursday Pickup",2026-08-07,993
"Fair Shares - Thursday","Fair Shares Thursday Pickup",2026-08-07,1963
"Fair Shares - Thursday","Fair Shares Thursday Pickup",2026-08-07,515
"Fair Shares - Thursday","Fair Shares Thursday Pickup",2026-08-07,855
"Fair Shares - Thursday","Fair Shares Thursday Pickup",2026-08-07,1424
"Fair Shares - Thursday","Fair Shares Thursday Pickup",2026-08-07,127
"Fair Shares - Thursday","Fair Shares Thursday Pickup",2026-08-07,1605
"Fair Shares - Thursday","Fair Shares Thursday Pickup",2026-08-07,1169
"Fair Shares - Thursday","Fair Shares Thursday Pickup",2026-08-07,1246
"Fair Shares - Thursday","Fair Shares Thursday Pickup",2026-08-07,626
"Fair Shares - Thursday","Fair Shares Thursday Pickup",2026-08-07,748
"Fair Shares - Thursday","Fair Shares Thursday Pickup",2026-08-07,599
"Fair Shares - Thursday","Fair Shares Thursday Pickup",2026-08-07,668
"Fair Shares - Thursday","Fair Shares Thursday Pickup",2026-08-07,1359
"Fair Shares - Thursday","Fair Shares Thursday Pickup",2026-08-07,567
"Fair Shares - Thursday","Fair Shares Thursday Pickup",2026-08-07,856
"Fair Shares - Thursday","Fair Shares Thursday Pickup",2026-08-07,1213
"Fair Shares - Thursday","Fair Shares Thursday Pickup",2026-08-07,838
"Fair Shares - Thursday","Fair Shares Thursday Pickup",2026-08-07,1332
"Fair Shares - Thursday","Fair Shares Thursday Pickup",2026-08-07,1644
"Fair Shares - Thursday","Fair Shares Thursday Pickup",2026-08-07,1610
"Fair Shares - Thursday","Fair Shares Thursday Pickup",2026-08-07,1771
"Fair Shares - Thursday","Fair Shares Thursday Pickup",2026-08-07,1860
"Fair Shares - Thursday","Fair Shares Thursday Pickup",2026-08-07,533
"Fair Shares - Thursday","Fair Shares Thursday Pickup",2026-08-07,1819
"Fair Shares - Thursday","Fair Shares Thursday Pickup",2026-08-07,204
"Fair Shares - Thursday","Fair Shares Thursday Pickup",2026-08-07,1265
"Fair Shares - Thursday","Fair Shares Thursday Pickup",2026-08-07,90
"Fair Shares - Thursday","Fair Shares Thursday Pickup",2026-08-07,1133
"Fair Shares - Thursday","Fair Shares Thursday Pickup",2026-08-07,858
"Fair Shares - Thursday","Fair Shares Thursday Pickup",2026-08-07,369
"Fair Shares - Thursday","Fair Shares Thursday Pickup",2026-08-07,1562
"Fair Shares - Thursday","Fair Shares Thursday Pickup",2026-08-07,836
"Fair Shares - Thursday","Fair Shares Thursday Pickup",2026-08-07,845
"Fair Shares - Thursday","Fair Shares Thursday Pickup",2026-08-07,917
"Fair Shares - Thursday","Fair Shares Thursday Pickup",2026-08-07,69
"Fair Shares - Thursday","Fair Shares Thursday Pickup",2026-08-07,996
"Fair Shares - Thursday","Fair Shares Thursday Pickup",2026-08-07,1227
"Fair Shares - Thursday","Fair Shares Thursday Pickup",2026-08-07,697
"Fair Shares - Wednesday","FSA",2026-08-07,704
"Fair Shares - Wednesday","FSA",2026-08-07,1203
"Fair Shares - Wednesday","FSA",2026-08-07,1799
"Fair Shares - Wednesday","FSA",2026-08-07,611
"Fair Shares - Wednesday","FSA",2026-08-07,557
"Fair Shares - Wednesday","FSA",2026-08-07,99
"Fair Shares - Wednesday","FSA",2026-08-07,863
"Fair Shares - Wednesday","FSA",2026-08-07,709
"Fair Shares - Wednesday","FSA",2026-08-07,763
"Fair Shares - Wednesday","FSA",2026-08-07,423
"Fair Shares - Wednesday","FSA",2026-08-07,198
"Fair Shares - Wednesday","FSA",2026-08-07,1627
"Fair Shares - Wednesday","FSA",2026-08-07,783
"Fair Shares - Wednesday","FSA",2026-08-07,240
"Fair Shares - Wednesday","FSA",2026-08-07,751
"Fair Shares - Wednesday","FSA",2026-08-07,952
"Fair Shares - Wednesday","FSB",2026-08-07,243
"Fair Shares - Wednesday","FSB",2026-08-07,291
"Fair Shares - Wednesday","FSB",2026-08-07,1045
"Fair Shares - Wednesday","FSB",2026-08-07,136
"Fair Shares - Wednesday","FSB",2026-08-07,712
"Fair Shares - Wednesday","FSB",2026-08-07,346
"Fair Shares - Wednesday","FSB",2026-08-07,732
"Fair Shares - Wednesday","FSB",2026-08-07,282
"Fair Shares - Wednesday","FSB",2026-08-07,902
"Fair Shares - Wednesday","FSB",2026-08-07,1286
"Fair Shares - Wednesday","FSB",2026-08-07,1124
"Fair Shares - Wednesday","FSB",2026-08-07,296
"Fair Shares - Wednesday","FSB",2026-08-07,30
"Fair Shares - Wednesday","FSB",2026-08-07,919
"Fair Shares - Wednesday","FSB",2026-08-07,986
"Fair Shares - Wednesday","FSB",2026-08-07,1989
"Fair Shares - Wednesday","FSB",2026-08-07,431
"Fair Shares - Wednesday","FSB",2026-08-07,637
"Fair Shares - Wednesday","FSB",2026-08-07,1084
"Fair Shares - Wednesday","FSB",2026-08-07,351
"Fair Shares - Wednesday","FSB",2026-08-07,1174
"Fair Shares - Wednesday","FSB",2026-08-07,1111
"Fair Shares - Wednesday","FSB",2026-08-07,544
"Fair Shares - Wednesday","FSB",2026-08-07,962
"Fair Shares - Wednesday","FSB",2026-08-07,911
"Fair Shares - Wednesday","FSB",2026-08-07,156
"Fair Shares - Wednesday","FSB",2026-08-07,1355
"Fair Shares - Wednesday","FSB",2026-08-07,1272
"Fair Shares - Wednesday","FSB",2026-08-07,1364
"Fair Shares - Wednesday","FSB",2026-08-07,1602
"Fair Shares - Wednesday","FSB",2026-08-07,1459
"Fair Shares - Wednesday","FSB",2026-08-07,132
"Fair Shares - Wednesday","FSB",2026-08-07,960
"Fair Shares - Wednesday","FSB",2026-08-07,620
"Fair Shares - Wednesday","FSB",2026-08-07,1534
"Fair Shares - Wednesday","FSB",2026-08-07,976
"Fair Shares - Wednesday","FSMini-w",2026-08-07,335
"Fair Shares - Wednesday","FSMini-w",2026-08-07,1983
"Fair Shares - Wednesday","FSMini-w",2026-08-07,903
"Fair Shares - Wednesday","FSMini-w",2026-08-07,56
"Fair Shares - Wednesday","FSMini-w",2026-08-07,1038
"Fair Shares - Wednesday","FSMini-w",2026-08-07,618
"Fair Shares - Wednesday","FSMini-w",2026-08-07,1830
"Fair Shares - Wednesday","FSMini-w",2026-08-07,1968
"Fair Shares - Wednesday","FSMini-w",2026-08-07,1154
"Fair Shares - Wednesday","FSMini-w",2026-08-07,288
"Fair Shares - Wednesday","FSMini-w",2026-08-07,1896
"Fair Shares - Wednesday","FSMini-w",2026-08-07,100
"Fair Shares - Wednesday","FSMini-w",2026-08-07,77
"Fair Shares - Wednesday","FSMini-w",2026-08-07,1879
"Fair Shares - Wednesday","FSMini-w",2026-08-07,145
"Fair Shares - Wednesday","FSMini-w",2026-08-07,190
"Fair Shares - Wednesday","FSMini-w",2026-08-07,256
"Fair Shares - Wednesday","FSMini-w",2026-08-07,235
"Fair Shares - Wednesday","FSMini-w",2026-08-07,1707
"Fair Shares - Wednesday","FSMini-w",2026-08-07,1577
"Fair Shares - Wednesday","FSMini-w",2026-08-07,1474
"Fair Shares - Wednesday","FSMini-w",2026-08-07,1255
"Fair Shares - Wednesday","FSMini-w",2026-08-07,1162
"Fair Shares - Wednesday","FSMini-w",2026-08-07,1427
"Fair Shares - Wednesday","FSMini-w",2026-08-07,554
"Fair Shares - Wednesday","FSMini-w",2026-08-07,883
"Fair Shares - Wednesday","Fair Shares Wednesday Pickup",2026-08-07,1880
"Fair Shares - Wednesday","Fair Shares Wednesday Pickup",2026-08-07,553
"Fair Shares - Wednesday","Fair Shares Wednesday Pickup",2026-08-07,7
"Fair Shares - Wednesday","Fair Shares Wednesday Pickup",2026-08-07,1076
"Fair Shares - Wednesday","Fair Shares Wednesday Pickup",2026-08-07,352
"Fair Shares - Wednesday","Fair Shares Wednesday Pickup",2026-08-07,220
"Fair Shares - Wednesday","Fair Shares Wednesday Pickup",2026-08-07,1795
"Fair Shares - Wednesday","Fair Shares Wednesday Pickup",2026-08-07,1114
"Fair Shares - Wednesday","Fair Shares Wednesday Pickup",2026-08-07,588
"Fair Shares - Wednesday","Fair Shares Wednesday Pickup",2026-08-07,462
"Fair Shares - Wednesday","Fair Shares Wednesday Pickup",2026-08-07,1885
"Fair Shares - Wednesday","Fair Shares Wednesday Pickup",2026-08-07,390
"Fair Shares - Wednesday","Fair Shares Wednesday Pickup",2026-08-07,217
"Fair Shares - Wednesday","Fair Shares Wednesday Pickup",2026-08-07,878
"Fair Shares - Wednesday","Fair Shares Wednesday Pickup",2026-08-07,1480
"Fair Shares - Wednesday","Fair Shares Wednesday Pickup",2026-08-07,144
"Fair Shares - Wednesday","Fair Shares Wednesday Pickup",2026-08-07,399
"Fair Shares - Wednesday","Fair Shares Wednesday Pickup",2026-08-07,1418
"Fair Shares - Wednesday","Fair Shares Wednesday Pickup",2026-08-07,421
"Fair Shares - Wednesday","Fair Shares Wednesday Pickup",2026-08-07,141
"Fair Shares - Wednesday","Fair Shares Wednesday Pickup",2026-08-07,1729
"Fair Shares - Wednesday","Fair Shares Wednesday Pickup",2026-08-07,1550
"Fair Shares - Wednesday","Fair Shares Wednesday Pickup",2026-08-07,592
"Fair Shares - Wednesday","Fair Shares Wednesday Pickup",2026-08-07,1183
"Fair Shares - Wednesday","Fair Shares Wednesday Pickup",2026-08-07,1974
"Fair Shares - Wednesday","Fair Shares Wednesday Pickup",2026-08-07,1911
"Fair Shares - Wednesday","Fair Shares Wednesday Pickup",2026-08-07,508
"Fair Shares - Wednesday","Fair Shares Wednesday Pickup",2026-08-07,980
"Fair Shares - Wednesday","Fair Shares Wednesday Pickup",2026-08-07,226
"Fair Shares - Wednesday","Fair Shares Wednesday Pickup",2026-08-07,536
"Fair Shares - Wednesday","Fair Shares Wednesday Pickup",2026-08-07,843
"Fair Shares - Wednesday","Fair Shares Wednesday Pickup",2026-08-07,1210
"Fair Shares - Wednesday","Fair Shares Wednesday Pickup",2026-08-07,817
"Fair Shares - Wednesday","Fair Shares Wednesday Pickup",2026-08-07,345
"Fair Shares - Wednesday","Fair Shares Wednesday Pickup",2026-08-07,671
"Fair Shares - Wednesday","Fair Shares Wednesday Pickup",2026-08-07,1276
"Fair Shares - Wednesday","Fair Shares Wednesday Pickup",2026-08-07,759
"Fair Shares - Wednesday","Fair Shares Wednesday Pickup",2026-08-07,792
"Fair Shares - Wednesday","Fair Shares Wednesday Pickup",2026-08-07,581
"Fair Shares - Wednesday","Fair Shares Wednesday Pickup",2026-08-07,596
"Fair Shares - Wednesday","Fair Shares Wednesday Pickup",2026-08-07,880
"Fair Shares - Wednesday","Fair Shares Wednesday Pickup",2026-08-07,1812
"Fair Shares - Wednesday","Fair Shares Wednesday Pickup",2026-08-07,1240
"Fair Shares - Wednesday","Fair Shares Wednesday Pickup",2026-08-07,702
"Fair Shares - Wednesday","Fair Shares Wednesday Pickup",2026-08-07,427
"Fair Shares - Wednesday","Fair Shares Wednesday Pickup",2026-08-07,625
"Fair Shares - Wednesday","Fair Shares Wednesday Pickup",2026-08-07,1715
"Fair Shares - Wednesday","Fair Shares Wednesday Pickup",2026-08-07,274
"Fair Shares - Wednesday","Fair Shares Wednesday Pickup",2026-08-07,1309
"Fair Shares - Wednesday","Fair Shares Wednesday Pickup",2026-08-07,1061
"Fair Shares - Wednesday","Fair Shares Wednesday Pickup",2026-08-07,1165
"Fair Shares - Wednesday","Fair Shares Wednesday Pickup",2026-08-07,1179
"Fair Shares - Wednesday","Fair Shares Wednesday Pickup",2026-08-07,572
"Fair Shares - Wednesday","Fair Shares Wednesday Pickup",2026-08-07,457
"Fair Shares - Wednesday","Fair Shares Wednesday Pickup",2026-08-07,1701
"Fair Shares - Wednesday","Fair Shares Wednesday Pickup",2026-08-07,1836
"Fair Shares - Wednesday","Fair Shares Wednesday Pickup",2026-08-07,718
"Fair Shares - Wednesday","Fair Shares Wednesday Pickup",2026-08-07,1284
"Fair Shares - Wednesday","Fair Shares Wednesday Pickup",2026-08-07,1372
"Fair Shares - Wednesday","Fair Shares Wednesday Pickup",2026-08-07,1475
"Fair Shares - Wednesday","Fair Shares Wednesday Pickup",2026-08-07,571
"Fair Shares - Wednesday","Fair Shares Wednesday Pickup",2026-08-07,325
"Fair Shares - Wednesday","Fair Shares Wednesday Pickup",2026-08-07,802
"Fair Shares - Wednesday","Fair Shares Wednesday Pickup",2026-08-07,1147
"Fair Shares - Wednesday","Fair Shares Wednesday Pickup",2026-08-07,1930
"Fair Shares - Wednesday","Fair Shares Wednesday Pickup",2026-08-07,1245
"Fair Shares - Wednesday","Fair Shares Wednesday Pickup",2026-08-07,422
"Fair Shares - Wednesday","Fair Shares Wednesday Pickup",2026-08-07,332
"Fair Shares - Wednesday","Fair Shares Wednesday Pickup",2026-08-07,1874
"Fair Shares - Wednesday","Fair Shares Wednesday Pickup",2026-08-07,837
"Fair Shares - Wednesday","Fair Shares Wednesday Pickup",2026-08-07,388
"Fair Shares - Wednesday","Fair Shares Wednesday Pickup",2026-08-07,24
"Fair Shares - Wednesday","Fair Shares Wednesday Pickup",2026-08-07,1155
"Fair Shares - Wednesday","Fair Shares Wednesday Pickup",2026-08-07,1348
"Fair Shares - Wednesday","Fair Shares Wednesday Pickup",2026-08-07,280
"Fair Shares - Wednesday","Fair Shares Wednesday Pickup",2026-08-07,74
"Fair Shares - Wednesday","Fair Shares Wednesday Pickup",2026-08-07,1609
"Fair Shares - Wednesday","Fair Shares Wednesday Pickup",2026-08-07,1115
"Fair Shares - Wednesday","Fair Shares Wednesday Pickup",2026-08-07,1049
"Fair Shares - Wednesday","Fair Shares Wednesday Pickup",2026-08-07,810
"Fair Shares - Wednesday","Fair Shares Wednesday Pickup",2026-08-07,819
"Fair Shares - Wednesday","Fair Shares Wednesday Pickup",2026-08-07,1749
"Fair Shares - Wednesday","Fair Shares Wednesday Pickup",2026-08-07,426
"Fair Shares - Wednesday","Fair Shares Wednesday Pickup",2026-08-07,248
"Fair Shares - Wednesday","Fair Shares Wednesday Pickup",2026-08-07,1955
"Fair Shares - Wednesday","Fair Shares Wednesday Pickup",2026-08-07,1461
"Fair Shares - Wednesday","Fair Shares Wednesday Pickup",2026-08-07,1380
"Fair Shares - Wednesday","Fair Shares Wednesday Pickup",2026-08-07,1019
"Fair Shares - Wednesday","Fair Shares Wednesday Pickup",2026-08-07,1601
"Fair Shares - Wednesday","Fair Shares Wednesday Pickup",2026-08-07,799
"Fair Shares - Wednesday","Fair Shares Wednesday Pickup",2026-08-07,1189
"Fair Shares - Wednesday","Fair Shares Wednesday Pickup",2026-08-07,62
"Fair Shares - Wednesday","Fair Shares Wednesday Pickup",2026-08-07,214
"Fair Shares - Wednesday","Fair Shares Wednesday Pickup",2026-08-07,534
"Fair Shares - Wednesday","Fair Shares Wednesday Pickup",2026-08-07,771
"Fair Shares - Wednesday","Fair Shares Wednesday Pickup",2026-08-07,1387
"Fair Shares - Wednesday","Fair Shares Wednesday Pickup",2026-08-07,1676
"Fair Shares - Wednesday","Fair Shares Wednesday Pickup",2026-08-07,1011
"Fair Shares - Wednesday","Fair Shares Wednesday Pickup",2026-08-07,935
"Fair Shares - Wednesday","Fair Shares Wednesday Pickup",2026-08-07,323
"Fair Shares - Wednesday","Fair Shares Wednesday Pickup",2026-08-07,603
"Fair Shares - Wednesday","Fair Shares Wednesday Pickup",2026-08-07,720
"Fair Shares - Wednesday","Fair Shares Wednesday Pickup",2026-08-07,1212
"Fair Shares - Wednesday","Fair Shares Wednesday Pickup",2026-08-07,1234
"Fair Shares - Wednesday","Fair Shares Wednesday Pickup",2026-08-07,1186
"Fair Shares - Wednesday","Fair Shares Wednesday Pickup",2026-08-07,1008
"Fair Shares - Wednesday","Fair Shares Wednesday Pickup",2026-08-07,261
"Fair Shares - Wednesday","Fair Shares Wednesday Pickup",2026-08-07,221
"Fair Shares - Wednesday","Fair Shares Wednesday Pickup",2026-08-07,191
"Fair Shares - Wednesday","Fair Shares Wednesday Pickup",2026-08-07,1623
"Fair Shares - Wednesday","Fair Shares Wednesday Pickup",2026-08-07,1814
"Fair Shares - Wednesday","Fair Shares Wednesday Pickup",2026-08-07,1541
"Fair Shares - Wednesday","Fair Shares Wednesday Pickup",2026-08-07,686
"Fair Shares - Wednesday","Fair Shares Wednesday Pickup",2026-08-07,1136
"Fair Shares - Wednesday","Fair Shares Wednesday Pickup",2026-08-07,1457
"Fair Shares - Wednesday","Fair Shares Wednesday Pickup",2026-08-07,206
"Fair Shares - Wednesday","Fair Shares Wednesday Pickup",2026-08-07,26
"Fair Shares - Wednesday","Fair Shares Wednesday Pickup",2026-08-07,1109
"Fair Shares - Wednesday","Fair Shares Wednesday Pickup",2026-08-07,224
"Fair Shares - Wednesday","Fair Shares Wednesday Pickup",2026-08-07,94
"Fair Shares - Wednesday","Fair Shares Wednesday Pickup",2026-08-07,45
"Fair Shares - Wednesday","Fair Shares Wednesday Pickup",2026-08-07,109
"Fair Shares - Wednesday","Fair Shares Wednesday Pickup",2026-08-07,1925
"Fair Shares - Wednesday","Fair Shares Wednesday Pickup",2026-08-07,547
"Fair Shares - Wednesday","Fair Shares Wednesday Pickup",2026-08-07,521
"Fair Shares - Wednesday","Fair Shares Wednesday Pickup",2026-08-07,624
"Fair Shares - Wednesday","Fair Shares Wednesday Pickup",2026-08-07,1537
"Fair Shares - Wednesday","Fair Shares Wednesday Pickup",2026-08-07,975
"Fair Shares - Wednesday","Fair Shares Wednesday Pickup",2026-08-07,910
"Fair Shares - Wednesday","Fair Shares Wednesday Pickup",2026-08-07,1032
"Fair Shares - Wednesday","Fair Shares Wednesday Pickup",2026-08-07,1915
"Fair Shares - Wednesday","Fair Shares Wednesday Pickup",2026-08-07,568
"Fair Shares - Wednesday","Fair Shares Wednesday Pickup",2026-08-07,734
"Fair Shares - Wednesday","Fair Shares Wednesday Pickup",2026-08-07,1650
"Fair Shares - Wednesday","Fair Shares Wednesday Pickup",2026-08-07,882
"Fair Shares - Wednesday","Fair Shares Wednesday Pickup",2026-08-07,372
"Fair Shares - Wednesday","Fair Shares Wednesday Pickup",2026-08-07,406
"Fair Shares - Wednesday","Fair Shares Wednesday Pickup",2026-08-07,848
"Fair Shares - Wednesday","Fair Shares Wednesday Pickup",2026-08-07,88
"Fair Shares - Wednesday","Fair Shares Wednesday Pickup",2026-08-07,1393
"Fair Shares - Wednesday","Fair Shares Wednesday Pickup",2026-08-07,337
"Fair Shares - Wednesday","Fair Shares Wednesday Pickup",2026-08-07,1031
"Fair Shares - Wednesday","Fair Shares Wednesday Pickup",2026-08-07,402
"Fair Shares - Wednesday","Fair Shares Wednesday Pickup",2026-08-07,1058
"Fair Shares - Wednesday","Fair Shares Wednesday Pickup",2026-08-07,1772
"Fair Shares - Wednesday","Fair Shares Wednesday Pickup",2026-08-07,1337
"Fair Shares - Wednesday","Fair Shares Wednesday Pickup",2026-08-07,1361
"Fair Shares - Wednesday","Fair Shares Wednesday Pickup",2026-08-07,9
"Fair Shares - Wednesday","Fair Shares Wednesday Pickup",2026-08-07,677
"Fair Shares - Wednesday","Fair Shares Wednesday Pickup",2026-08-07,1788
"Fair Shares - Wednesday","Fair Shares Wednesday Pickup",2026-08-07,1852
"Fair Shares - Wednesday","Fair Shares Wednesday Pickup",2026-08-07,1316
"Fair Shares - Wednesday","Fair Shares Wednesday Pickup",2026-08-07,930
"Fair Shares - Wednesday","Fair Shares Wednesday Pickup",2026-08-07,222
"Fair Shares - Wednesday","Fair Shares Wednesday Pickup",2026-08-07,1789
"Fair Shares - Wednesday","Fair Shares Wednesday Pickup",2026-08-07,1868
"Fair Shares - Wednesday","Fair Shares Wednesday Pickup",2026-08-07,1167
"Fair Shares - Wednesday","Fair Shares Wednesday Pickup",2026-08-07,1536
"Fair Shares - Wednesday","Fair Shares Wednesday Pickup",2026-08-07,1141
"Fair Shares - Wednesday","Fair Shares Wednesday Pickup",2026-08-07,460
"Fair Shares - Wednesday","Fair Shares Wednesday Pickup",2026-08-07,664
"Fair Shares - Wednesday","Fair Shares Wednesday Pickup",2026-08-07,233
"Fair Shares - Wednesday","Fair Shares Wednesday Pickup",2026-08-07,1289
"Fair Shares - Wednesday","Fair Shares Wednesday Pickup",2026-08-07,766
"Fair Shares - Wednesday","Fair Shares Wednesday Pickup",2026-08-07,897
"Fair Shares - Wednesday","Fair Shares Wednesday Pickup",2026-08-07,37
"Fair Shares - Wednesday","Fair Shares Wednesday Pickup",2026-08-07,1454
"Fair Shares - Wednesday","Fair Shares Wednesday Pickup",2026-08-07,1016
"Fair Shares - Wednesday","Fair Shares Wednesday Pickup",2026-08-07,642
"Fair Shares - Wednesday","Fair Shares Wednesday Pickup",2026-08-07,1350
"Fair Shares - Wednesday","Fair Shares Wednesday Pickup",2026-08-07,1294
"Fair Shares - Wednesday","Fair Shares Wednesday Pickup",2026-08-07,516
"Fair Shares - Wednesday","Fair Shares Wednesday Pickup",2026-08-07,1573
"Fair Shares - Wednesday","Fair Shares Wednesday Pickup",2026-08-07,106
"Fair Shares - Wednesday","Fair Shares Wednesday Pickup",2026-08-07,519
"Fair Shares - Wednesday","Fair Shares Wednesday Pickup",2026-08-07,1858
"Fair Shares - Wednesday","Fair Shares Wednesday Pickup",2026-08-07,1855
"Fair Shares - Wednesday","Fair Shares Wednesday Pickup",2026-08-07,1228
"Fair Shares - Wednesday","Fair Shares Wednesday Pickup",2026-08-07,359
"Fair Shares - Wednesday","Fair Shares Wednesday Pickup",2026-08-07,1407
"Fair Shares - Wednesday","Fair Shares Wednesday Pickup",2026-08-07,343
"Fair Shares - Wednesday","Fair Shares Wednesday Pickup",2026-08-07,833
"Fair Shares - Wednesday","Fair Shares Wednesday Pickup",2026-08-07,711
"Fair Shares - Wednesday","Fair Shares Wednesday Pickup",2026-08-07,589
"Fair Shares - Wednesday","Fair Shares Wednesday Pickup",2026-08-07,1658
"Fair Shares - Wednesday","Fair Shares Wednesday Pickup",2026-08-07,342
"Fair Shares - Wednesday","Fair Shares Wednesday Pickup",2026-08-07,177
"Fair Shares - Wednesday","Fair Shares Wednesday Pickup",2026-08-07,194
"Fair Shares - Wednesday","Fair Shares Wednesday Pickup",2026-08-07,920
"Fair Shares - Wednesday","Fair Shares Wednesday Pickup",2026-08-07,675
"Fair Shares Trial Wednesday","2 Wk Trial at FS Mothership Wednesday",2026-08-07,853
"Kirkwood","KWA",2026-08-07,1891
"Kirkwood","KWA",2026-08-07,1386
"Kirkwood","KWA",2026-08-07,1488
"Kirkwood","KWA",2026-08-07,685
"Kirkwood","KWA",2026-08-07,894
"Kirkwood","KWA",2026-08-07,326
"Kirkwood","KWA",2026-08-07,807
"Kirkwood","KWA",2026-08-07,1746
"Kirkwood","KWA",2026-08-07,622
"Kirkwood","KWA",2026-08-07,789
"Kirkwood","KWA",2026-08-07,1683
"Kirkwood","KWB",2026-08-07,1075
"Kirkwood","KWB",2026-08-07,1489
"Kirkwood","KWB",2026-08-07,929
"Kirkwood","KWB",2026-08-07,473
"Kirkwood","KWB",2026-08-07,1487
"Kirkwood","KWB",2026-08-07,540
"Kirkwood","KWB",2026-08-07,82
"Kirkwood","KWB",2026-08-07,804
"Kirkwood","KWB",2026-08-07,1419
"Kirkwood","KWB",2026-08-07,1766
"Kirkwood","KWB",2026-08-07,1626
"Kirkwood","KWB",2026-08-07,1570
"Kirkwood","KWB",2026-08-07,1618
"Kirkwood","KWB",2026-08-07,305
"Kirkwood","KWB",2026-08-07,896
"Kirkwood","KWM",2026-08-07,1217
"Kirkwood","KWM",2026-08-07,1196
"Kirkwood","KWM",2026-08-07,192
"Kirkwood","KWM",2026-08-07,1970
"Kirkwood","KWM",2026-08-07,467
"Kirkwood","KWM",2026-08-07,1476
"Kirkwood","KWM",2026-08-07,452
"Kirkwood","KWM",2026-08-07,634
"Kirkwood","KWM",2026-08-07,868
"Kirkwood","KWM",2026-08-07,1725
"Kirkwood","Kirkwood Pickup",2026-08-07,1753
"Kirkwood","Kirkwood Pickup",2026-08-07,386
"Kirkwood","Kirkwood Pickup",2026-08-07,743
"Kirkwood","Kirkwood Pickup",2026-08-07,1082
"Kirkwood","Kirkwood Pickup",2026-08-07,530
"Kirkwood","Kirkwood Pickup",2026-08-07,1465
"Kirkwood","Kirkwood Pickup",2026-08-07,1684
"Kirkwood","Kirkwood Pickup",2026-08-07,1132
"Kirkwood","Kirkwood Pickup",2026-08-07,269
"Kirkwood","Kirkwood Pickup",2026-08-07,123
"Kirkwood","Kirkwood Pickup",2026-08-07,1696
"Kirkwood","Kirkwood Pickup",2026-08-07,1987
"Kirkwood","Kirkwood Pickup",2026-08-07,615
"Kirkwood","Kirkwood Pickup",2026-08-07,1881
"Kirkwood","Kirkwood Pickup",2026-08-07,299
"Kirkwood","Kirkwood Pickup",2026-08-07,1408
"Kirkwood","Kirkwood Pickup",2026-08-07,272
"Kirkwood","Kirkwood Pickup",2026-08-07,1832
"Kirkwood","Kirkwood Pickup",2026-08-07,968
"Kirkwood","Kirkwood Pickup",2026-08-07,466
"Kirkwood","Kirkwood Pickup",2026-08-07,558
"Kirkwood","Kirkwood Pickup",2026-08-07,283
"Kirkwood","Kirkwood Pickup",2026-08-07,1988
"Kirkwood","Kirkwood Pickup",2026-08-07,68
"Kirkwood","Kirkwood Pickup",2026-08-07,525
"Kirkwood","Kirkwood Pickup",2026-08-07,1763
"Kirkwood","Kirkwood Pickup",2026-08-07,267
"Kirkwood","Kirkwood Pickup",2026-08-07,943
"Kirkwood","Kirkwood Pickup",2026-08-07,239
"Kirkwood","Kirkwood Pickup",2026-08-07,1600
"Kirkwood","Kirkwood Pickup",2026-08-07,861
"Kirkwood","Kirkwood Pickup",2026-08-07,1678
"Kirkwood","Kirkwood Pickup",2026-08-07,189
"Kirkwood","Kirkwood Pickup",2026-08-07,270
"Kirkwood","Kirkwood Pickup",2026-08-07,213
"Kirkwood","Kirkwood Pickup",2026-08-07,1145
"Kirkwood","Kirkwood Pickup",2026-08-07,246
"Kirkwood","Kirkwood Pickup",2026-08-07,1329
"Kirkwood","Kirkwood Pickup",2026-08-07,1903
"Kirkwood","Kirkwood Pickup",2026-08-07,155
"Kirkwood","Kirkwood Pickup",2026-08-07,102
"Kirkwood","Kirkwood Pickup",2026-08-07,405
"Kirkwood","Kirkwood Pickup",2026-08-07,1206
"Kirkwood","Kirkwood Pickup",2026-08-07,1770
"Kirkwood","Kirkwood Pickup",2026-08-07,1841
"Kirkwood","Kirkwood Pickup",2026-08-07,1221
"Kirkwood","Kirkwood Pickup",2026-08-07,1942
"Kirkwood","Kirkwood Pickup",2026-08-07,1293
"Kirkwood","Kirkwood Pickup",2026-08-07,404
"Kirkwood","Kirkwood Pickup",2026-08-07,649
"Kirkwood","Kirkwood Pickup",2026-08-07,1278
"Kirkwood","Kirkwood Pickup",2026-08-07,1150
"Kirkwood","Kirkwood Pickup",2026-08-07,1313
"Kirkwood","Kirkwood Pickup",2026-08-07,1990
"Kirkwood","Kirkwood Pickup",2026-08-07,19
"Kirkwood","Kirkwood Pickup",2026-08-07,510
"Kirkwood","Kirkwood Pickup",2026-08-07,1050
"Kirkwood","Kirkwood Pickup",2026-08-07,196
"Kirkwood","Kirkwood Pickup",2026-08-07,312
"Kirkwood","Kirkwood Pickup",2026-08-07,821
"Kirkwood","Kirkwood Pickup",2026-08-07,1482
"Kirkwood","Kirkwood Pickup",2026-08-07,1718
"Kirkwood","Kirkwood Pickup",2026-08-07,793
"Kirkwood","Kirkwood Pickup",2026-08-07,1492
"Kirkwood","Kirkwood Pickup",2026-08-07,1545
"Kirkwood","Kirkwood Pickup",2026-08-07,1433
"Kirkwood","Kirkwood Pickup",2026-08-07,1784
"Kirkwood","Kirkwood Pickup",2026-08-07,164
"Kirkwood","Kirkwood Pickup",2026-08-07,1945
"Kirkwood","Kirkwood Pickup",2026-08-07,1208
"UCity","UCA",2026-08-07,1039
"UCity","UCA",2026-08-07,444
"UCity","UCA",2026-08-07,1699
"UCity","UCA",2026-08-07,541
"UCity","UCA",2026-08-07,1923
"UCity","UCA",2026-08-07,727
"UCity","UCA",2026-08-07,373
"UCity","UCA",2026-08-07,526
"UCity","UCA",2026-08-07,42
"UCity","UCA",2026-08-07,1030
"UCity","UCA",2026-08-07,125
"UCity","UCA",2026-08-07,322
"UCity","UCA",2026-08-07,681
"UCity","UCA",2026-08-07,1004
"UCity","UCA",2026-08-07,1048
"UCity","UCA",2026-08-07,1735
"UCity","UCA",2026-08-07,1143
"UCity","UCA",2026-08-07,227
"UCity","UCA",2026-08-07,1506
"UCity","UCB",2026-08-07,371
"UCity","UCB",2026-08-07,1410
"UCity","UCB",2026-08-07,262
"UCity","UCB",2026-08-07,892
"UCity","UCB",2026-08-07,472
"UCity","UCB",2026-08-07,1920
"UCity","UCB",2026-08-07,570
"UCity","UCB",2026-08-07,1928
"UCity","UCB",2026-08-07,178
"UCity","UCB",2026-08-07,659
"UCity","UCB",2026-08-07,1997
"UCity","UCB",2026-08-07,639
"UCity","UCB",2026-08-07,317
"UCity","UCB",2026-08-07,1304
"UCity","UCB",2026-08-07,1512
"UCity","UCB",2026-08-07,1107
"UCity","UCB",2026-08-07,866
"UCity","UCB",2026-08-07,814
"UCity","UCB",2026-08-07,430
"UCity","UCB",2026-08-07,162
"UCity","UCB",2026-08-07,384
"UCity","UCB",2026-08-07,1126
"UCity","UCB",2026-08-07,1105
"UCity","UCM",2026-08-07,755
"UCity","UCM",2026-08-07,228
"UCity","UCM",2026-08-07,828
"UCity","UCM",2026-08-07,1559
"UCity","UCM",2026-08-07,1098
"UCity","UCM",2026-08-07,391
"UCity","UCM",2026-08-07,824
"UCity","UCM",2026-08-07,207
"UCity","UCM",2026-08-07,578
"UCity","UCM",2026-08-07,1498
"UCity","UCM",2026-08-07,1448
"UCity","UCM",2026-08-07,356
"UCity","UCM",2026-08-07,520
"UCity","UCM",2026-08-07,598
"UCity","UCM",2026-08-07,1014
"UCity","UCM",2026-08-07,627
"UCity","UCM",2026-08-07,349
"UCity","UCM",2026-08-07,107
"UCity","UCM",2026-08-07,1689
"UCity","UCM",2026-08-07,418
"UCity","UCity Pickup",2026-08-07,1118
"UCity","UCity Pickup",2026-08-07,482
"UCity","UCity Pickup",2026-08-07,215
"UCity","UCity Pickup",2026-08-07,1130
"UCity","UCity Pickup",2026-08-07,1741
"UCity","UCity Pickup",2026-08-07,1197
"UCity","UCity Pickup",2026-08-07,16
"UCity","UCity Pickup",2026-08-07,1588
"UCity","UCity Pickup",2026-08-07,180
"UCity","UCity Pickup",2026-08-07,691
"UCity","UCity Pickup",2026-08-07,2
"UCity","UCity Pickup",2026-08-07,1713
"UCity","UCity Pickup",2026-08-07,112
"UCity","UCity Pickup",2026-08-07,1034
"UCity","UCity Pickup",2026-08-07,1889
"UCity","UCity Pickup",2026-08-07,852
"UCity","UCity Pickup",2026-08-07,654
"UCity","UCity Pickup",2026-08-07,49
"UCity","UCity Pickup",2026-08-07,483
"UCity","UCity Pickup",2026-08-07,1870
"UCity","UCity Pickup",2026-08-07,582
"UCity","UCity Pickup",2026-08-07,981
"UCity","UCity Pickup",2026-08-07,857
"UCity","UCity Pickup",2026-08-07,1200
"UCity","UCity Pickup",2026-08-07,1861
"UCity","UCity Pickup",2026-08-07,788
"UCity","UCity Pickup",2026-08-07,1029
"UCity","UCity Pickup",2026-08-07,66
"UCity","UCity Pickup",2026-08-07,1434
"UCity","UCity Pickup",2026-08-07,1000
"UCity","UCity Pickup",2026-08-07,1564
"UCity","UCity Pickup",2026-08-07,1065
"UCity","UCity Pickup",2026-08-07,89
"UCity","UCity Pickup",2026-08-07,1040
"UCity","UCity Pickup",2026-08-07,347
"UCity","UCity Pickup",2026-08-07,98
"UCity","UCity Pickup",2026-08-07,1628
"UCity","UCity Pickup",2026-08-07,938
"UCity","UCity Pickup",2026-08-07,1693
"UCity","UCity Pickup",2026-08-07,698
"UCity","UCity Pickup",2026-08-07,708
"UCity","UCity Pickup",2026-08-07,1306
"UCity","UCity Pickup",2026-08-07,859
"UCity","UCity Pickup",2026-08-07,998
"UCity","UCity Pickup",2026-08-07,1818
"UCity","UCity Pickup",2026-08-07,1420
"UCity","UCity Pickup",2026-08-07,1151
"UCity","UCity Pickup",2026-08-07,1426
"UCity","UCity Pickup",2026-08-07,1445
"UCity","UCity Pickup",2026-08-07,1336
"UCity","UCity Pickup",2026-08-07,1845
"UCity","UCity Pickup",2026-08-07,479
"UCity","UCity Pickup",2026-08-07,1756
"UCity","UCity Pickup",2026-08-07,1530
"UCity","UCity Pickup",2026-08-07,1216
"UCity","UCity Pickup",2026-08-07,114
"UCity","UCity Pickup",2026-08-07,1846
"UCity","UCity Pickup",2026-08-07,255
"UCity","UCity Pickup",2026-08-07,752
"UCity","UCity Pickup",2026-08-07,944
"UCity","UCity Pickup",2026-08-07,1397
"UCity","UCity Pickup",2026-08-07,135
"UCity","UCity Pickup",2026-08-07,117
"UCity","UCity Pickup",2026-08-07,320
"UCity","UCity Pickup",2026-08-07,1052
"UCity","UCity Pickup",2026-08-07,820
"UCity","UCity Pickup",2026-08-07,139
"UCity","UCity Pickup",2026-08-07,1382
"UCity","UCity Pickup",2026-08-07,989
"UCity","UCity Pickup",2026-08-07,470
"UCity","UCity Pickup",2026-08-07,225
"UCity","UCity Pickup",2026-08-07,1621
"UCity","UCity Pickup",2026-08-07,905
"UCity","UCity Pickup",2026-08-07,1603
"UCity","UCity Pickup",2026-08-07,767
"UCity","UCity Pickup",2026-08-07,202
"UCity","UCity Pickup",2026-08-07,1823
"UCity","UCity Pickup",2026-08-07,1924
"UCity","UCity Pickup",2026-08-07,1185
"UCity","UCity Pickup",2026-08-07,1631
"UCity","UCity Pickup",2026-08-07,957
"UCity","UCity Pickup",2026-08-07,376
NA,NA,NA,1
NA,NA,NA,3
NA,NA,NA,4
NA,NA,NA,6
NA,NA,NA,10
NA,NA,NA,12
NA,NA,NA,13
NA,NA,NA,14
NA,NA,NA,15
NA,NA,NA,17
NA,NA,NA,18
NA,NA,NA,20
NA,NA,NA,25
NA,NA,NA,28
NA,NA,NA,29
NA,NA,NA,33
NA,NA,NA,34
NA,NA,NA,35
NA,NA,NA,38
NA,NA,NA,40
NA,NA,NA,41
NA,NA,NA,43
NA,NA,NA,44
NA,NA,NA,46
NA,NA,NA,47
NA,NA,NA,48
NA,NA,NA,51
NA,NA,NA,52
NA,NA,NA,53
NA,NA,NA,54
NA,NA,NA,55
NA,NA,NA,57
NA,NA,NA,58
NA,NA,NA,59
NA,NA,NA,60
NA,NA,NA,61
NA,NA,NA,63
NA,NA,NA,64
NA,NA,NA,70
NA,NA,NA,72
NA,NA,NA,73
NA,NA,NA,75
NA,NA,NA,78
NA,NA,NA,79
NA,NA,NA,80
NA,NA,NA,81
NA,NA,NA,84
NA,NA,NA,85
NA,NA,NA,86
NA,NA,NA,87
NA,NA,NA,92
NA,NA,NA,93
NA,NA,NA,95
NA,NA,NA,97
NA,NA,NA,101
NA,NA,NA,103
NA,NA,NA,104
NA,NA,NA,105
NA,NA,NA,108
NA,NA,NA,110
NA,NA,NA,111
NA,NA,NA,113
NA,NA,NA,116
NA,NA,NA,118
NA,NA,NA,119
NA,NA,NA,122
NA,NA,NA,126
NA,NA,NA,128
NA,NA,NA,129
NA,NA,NA,130
NA,NA,NA,134
NA,NA,NA,137
NA,NA,NA,138
NA,NA,NA,143
NA,NA,NA,146
NA,NA,NA,147
NA,NA,NA,148
NA,NA,NA,150
NA,NA,NA,151
NA,NA,NA,153
NA,NA,NA,157
NA,NA,NA,158
NA,NA,NA,159
NA,NA,NA,160
NA,NA,NA,161
NA,NA,NA,163
NA,NA,NA,166
NA,NA,NA,167
NA,NA,NA,170
NA,NA,NA,173
NA,NA,NA,176
NA,NA,NA,179
NA,NA,NA,184
NA,NA,NA,185
NA,NA,NA,186
NA,NA,NA,187
NA,NA,NA,188
NA,NA,NA,193
NA,NA,NA,195
NA,NA,NA,197
NA,NA,NA,199
NA,NA,NA,200
NA,NA,NA,201
NA,NA,NA,205
NA,NA,NA,209
NA,NA,NA,210
NA,NA,NA,211
NA,NA,NA,212
NA,NA,NA,216
NA,NA,NA,218
NA,NA,NA,223
NA,NA,NA,229
NA,NA,NA,230
NA,NA,NA,231
NA,NA,NA,232
NA,NA,NA,234
NA,NA,NA,236
NA,NA,NA,237
NA,NA,NA,238
NA,NA,NA,241
NA,NA,NA,242
NA,NA,NA,244
NA,NA,NA,247
NA,NA,NA,251
NA,NA,NA,252
NA,NA,NA,253
NA,NA,NA,254
NA,NA,NA,257
NA,NA,NA,258
NA,NA,NA,263
NA,NA,NA,264
NA,NA,NA,265
NA,NA,NA,268
NA,NA,NA,271
NA,NA,NA,273
NA,NA,NA,275
NA,NA,NA,277
NA,NA,NA,278
NA,NA,NA,279
NA,NA,NA,284
NA,NA,NA,285
NA,NA,NA,290
NA,NA,NA,292
NA,NA,NA,294
NA,NA,NA,295
NA,NA,NA,297
NA,NA,NA,300
NA,NA,NA,301
NA,NA,NA,302
NA,NA,NA,303
NA,NA,NA,304
NA,NA,NA,306
NA,NA,NA,309
NA,NA,NA,313
NA,NA,NA,314
NA,NA,NA,318
NA,NA,NA,319
NA,NA,NA,321
NA,NA,NA,324
NA,NA,NA,333
NA,NA,NA,334
NA,NA,NA,336
NA,NA,NA,338
NA,NA,NA,339
NA,NA,NA,341
NA,NA,NA,344
NA,NA,NA,348
NA,NA,NA,350
NA,NA,NA,354
NA,NA,NA,355
NA,NA,NA,357
NA,NA,NA,358
NA,NA,NA,360
NA,NA,NA,365
NA,NA,NA,366
NA,NA,NA,367
NA,NA,NA,368
NA,NA,NA,370
NA,NA,NA,374
NA,NA,NA,375
NA,NA,NA,377
NA,NA,NA,379
NA,NA,NA,380
NA,NA,NA,382
NA,NA,NA,385
NA,NA,NA,392
NA,NA,NA,394
NA,NA,NA,395
NA,NA,NA,396
NA,NA,NA,397
NA,NA,NA,398
NA,NA,NA,400
NA,NA,NA,403
NA,NA,NA,407
NA,NA,NA,410
NA,NA,NA,411
NA,NA,NA,412
NA,NA,NA,413
NA,NA,NA,414
NA,NA,NA,415
NA,NA,NA,416
NA,NA,NA,417
NA,NA,NA,424
NA,NA,NA,425
NA,NA,NA,428
NA,NA,NA,432
NA,NA,NA,434
NA,NA,NA,435
NA,NA,NA,436
NA,NA,NA,437
NA,NA,NA,438
NA,NA,NA,439
NA,NA,NA,440
NA,NA,NA,445
NA,NA,NA,446
NA,NA,NA,448
NA,NA,NA,449
NA,NA,NA,451
NA,NA,NA,453
NA,NA,NA,454
NA,NA,NA,455
NA,NA,NA,456
NA,NA,NA,458
NA,NA,NA,461
NA,NA,NA,464
NA,NA,NA,468
NA,NA,NA,469
NA,NA,NA,474
NA,NA,NA,475
NA,NA,NA,476
NA,NA,NA,478
NA,NA,NA,480
NA,NA,NA,485
NA,NA,NA,486
NA,NA,NA,487
NA,NA,NA,488
NA,NA,NA,489
NA,NA,NA,490
NA,NA,NA,491
NA,NA,NA,492
NA,NA,NA,494
NA,NA,NA,497
NA,NA,NA,498
NA,NA,NA,500
NA,NA,NA,504
NA,NA,NA,506
NA,NA,NA,507
NA,NA,NA,512
NA,NA,NA,513
NA,NA,NA,517
NA,NA,NA,518
NA,NA,NA,522
NA,NA,NA,523
NA,NA,NA,524
NA,NA,NA,528
NA,NA,NA,531
NA,NA,NA,532
NA,NA,NA,535
NA,NA,NA,538
NA,NA,NA,545
NA,NA,NA,546
NA,NA,NA,548
NA,NA,NA,551
NA,NA,NA,552
NA,NA,NA,560
NA,NA,NA,561
NA,NA,NA,564
NA,NA,NA,565
NA,NA,NA,569
NA,NA,NA,573
NA,NA,NA,574
NA,NA,NA,575
NA,NA,NA,577
NA,NA,NA,584
NA,NA,NA,585
NA,NA,NA,586
NA,NA,NA,590
NA,NA,NA,594
NA,NA,NA,595
NA,NA,NA,597
NA,NA,NA,600
NA,NA,NA,601
NA,NA,NA,602
NA,NA,NA,605
NA,NA,NA,607
NA,NA,NA,608
NA,NA,NA,612
NA,NA,NA,613
NA,NA,NA,614
NA,NA,NA,617
NA,NA,NA,621
NA,NA,NA,623
NA,NA,NA,629
NA,NA,NA,630
NA,NA,NA,631
NA,NA,NA,632
NA,NA,NA,633
NA,NA,NA,638
NA,NA,NA,640
NA,NA,NA,641
NA,NA,NA,644
NA,NA,NA,645
NA,NA,NA,647
NA,NA,NA,648
NA,NA,NA,650
NA,NA,NA,651
NA,NA,NA,653
NA,NA,NA,655
NA,NA,NA,656
NA,NA,NA,661
NA,NA,NA,662
NA,NA,NA,665
NA,NA,NA,666
NA,NA,NA,667
NA,NA,NA,672
NA,NA,NA,673
NA,NA,NA,674
NA,NA,NA,676
NA,NA,NA,678
NA,NA,NA,679
NA,NA,NA,680
NA,NA,NA,682
NA,NA,NA,683
NA,NA,NA,684
NA,NA,NA,687
NA,NA,NA,688
NA,NA,NA,689
NA,NA,NA,690
NA,NA,NA,692
NA,NA,NA,693
NA,NA,NA,695
NA,NA,NA,696
NA,NA,NA,706
NA,NA,NA,707
NA,NA,NA,713
NA,NA,NA,715
NA,NA,NA,716
NA,NA,NA,717
NA,NA,NA,719
NA,NA,NA,721
NA,NA,NA,724
NA,NA,NA,726
NA,NA,NA,728
NA,NA,NA,729
NA,NA,NA,731
NA,NA,NA,733
NA,NA,NA,735
NA,NA,NA,737
NA,NA,NA,738
NA,NA,NA,739
NA,NA,NA,740
NA,NA,NA,741
NA,NA,NA,742
NA,NA,NA,745
NA,NA,NA,747
NA,NA,NA,749
NA,NA,NA,750
NA,NA,NA,753
NA,NA,NA,754
NA,NA,NA,757
NA,NA,NA,758
NA,NA,NA,762
NA,NA,NA,764
NA,NA,NA,768
NA,NA,NA,769
NA,NA,NA,774
NA,NA,NA,775
NA,NA,NA,776
NA,NA,NA,777
NA,NA,NA,778
NA,NA,NA,781
NA,NA,NA,782
NA,NA,NA,784
NA,NA,NA,786
NA,NA,NA,787
NA,NA,NA,791
NA,NA,NA,794
NA,NA,NA,795
NA,NA,NA,797
NA,NA,NA,798
NA,NA,NA,800
NA,NA,NA,803
NA,NA,NA,805
NA,NA,NA,806
NA,NA,NA,808
NA,NA,NA,809
NA,NA,NA,812
NA,NA,NA,813
NA,NA,NA,815
NA,NA,NA,816
NA,NA,NA,818
NA,NA,NA,822
NA,NA,NA,823
NA,NA,NA,826
NA,NA,NA,829
NA,NA,NA,830
NA,NA,NA,832
NA,NA,NA,835
NA,NA,NA,839
NA,NA,NA,840
NA,NA,NA,842
NA,NA,NA,844
NA,NA,NA,846
NA,NA,NA,847
NA,NA,NA,849
NA,NA,NA,850
NA,NA,NA,851
NA,NA,NA,860
NA,NA,NA,862
NA,NA,NA,864
NA,NA,NA,869
NA,NA,NA,871
NA,NA,NA,872
NA,NA,NA,873
NA,NA,NA,874
NA,NA,NA,877
NA,NA,NA,879
NA,NA,NA,881
NA,NA,NA,884
NA,NA,NA,886
NA,NA,NA,887
NA,NA,NA,889
NA,NA,NA,891
NA,NA,NA,893
NA,NA,NA,895
NA,NA,NA,898
NA,NA,NA,899
NA,NA,NA,901
NA,NA,NA,906
NA,NA,NA,907
NA,NA,NA,913
NA,NA,NA,914
NA,NA,NA,915
NA,NA,NA,916
NA,NA,NA,918
NA,NA,NA,922
NA,NA,NA,923
NA,NA,NA,924
NA,NA,NA,926
NA,NA,NA,927
NA,NA,NA,931
NA,NA,NA,932
NA,NA,NA,933
NA,NA,NA,934
NA,NA,NA,940
NA,NA,NA,947
NA,NA,NA,948
NA,NA,NA,950
NA,NA,NA,951
NA,NA,NA,953
NA,NA,NA,954
NA,NA,NA,955
NA,NA,NA,961
NA,NA,NA,965
NA,NA,NA,967
NA,NA,NA,969
NA,NA,NA,972
NA,NA,NA,973
NA,NA,NA,974
NA,NA,NA,977
NA,NA,NA,983
NA,NA,NA,984
NA,NA,NA,990
NA,NA,NA,992
NA,NA,NA,995
NA,NA,NA,1006
NA,NA,NA,1007
NA,NA,NA,1013
NA,NA,NA,1018
NA,NA,NA,1033
NA,NA,NA,1037
NA,NA,NA,1044
NA,NA,NA,1060
NA,NA,NA,1062
NA,NA,NA,1068
NA,NA,NA,1070
NA,NA,NA,1078
NA,NA,NA,1092
NA,NA,NA,1093
NA,NA,NA,1097
NA,NA,NA,1099
NA,NA,NA,1101
NA,NA,NA,1106
NA,NA,NA,1135
NA,NA,NA,1146
NA,NA,NA,1172
NA,NA,NA,1173
NA,NA,NA,1181
NA,NA,NA,1182
NA,NA,NA,1195
NA,NA,NA,1219
NA,NA,NA,1226
NA,NA,NA,1231
NA,NA,NA,1232
NA,NA,NA,1233
NA,NA,NA,1244
NA,NA,NA,1253
NA,NA,NA,1260
NA,NA,NA,1261
NA,NA,NA,1263
NA,NA,NA,1266
NA,NA,NA,1270
NA,NA,NA,1273
NA,NA,NA,1285
NA,NA,NA,1290
NA,NA,NA,1291
NA,NA,NA,1295
NA,NA,NA,1298
NA,NA,NA,1303
NA,NA,NA,1307
NA,NA,NA,1318
NA,NA,NA,1319
NA,NA,NA,1320
NA,NA,NA,1326
NA,NA,NA,1343
NA,NA,NA,1345
NA,NA,NA,1347
NA,NA,NA,1360
NA,NA,NA,1368
NA,NA,NA,1369
NA,NA,NA,1376
NA,NA,NA,1379
NA,NA,NA,1389
NA,NA,NA,1394
NA,NA,NA,1398
NA,NA,NA,1399
NA,NA,NA,1403
NA,NA,NA,1413
NA,NA,NA,1422
NA,NA,NA,1437
NA,NA,NA,1447
NA,NA,NA,1452
NA,NA,NA,1455
NA,NA,NA,1458
NA,NA,NA,1462
NA,NA,NA,1464
NA,NA,NA,1470
NA,NA,NA,1471
NA,NA,NA,1486
NA,NA,NA,1491
NA,NA,NA,1503
NA,NA,NA,1507
NA,NA,NA,1513
NA,NA,NA,1516
NA,NA,NA,1517
NA,NA,NA,1519
NA,NA,NA,1525
NA,NA,NA,1532
NA,NA,NA,1535
NA,NA,NA,1539
NA,NA,NA,1543
NA,NA,NA,1548
NA,NA,NA,1552
NA,NA,NA,1560
NA,NA,NA,1563
NA,NA,NA,1565
NA,NA,NA,1567
NA,NA,NA,1572
NA,NA,NA,1578
NA,NA,NA,1580
NA,NA,NA,1582
NA,NA,NA,1589
NA,NA,NA,1590
NA,NA,NA,1597
NA,NA,NA,1604
NA,NA,NA,1606
NA,NA,NA,1607
NA,NA,NA,1613
NA,NA,NA,1614
NA,NA,NA,1617
NA,NA,NA,1619
NA,NA,NA,1630
NA,NA,NA,1648
NA,NA,NA,1659
NA,NA,NA,1665
NA,NA,NA,1670
NA,NA,NA,1672
NA,NA,NA,1673
NA,NA,NA,1674
NA,NA,NA,1682
NA,NA,NA,1687
NA,NA,NA,1690
NA,NA,NA,1691
NA,NA,NA,1692
NA,NA,NA,1695
NA,NA,NA,1700
NA,NA,NA,1702
NA,NA,NA,1703
NA,NA,NA,1708
NA,NA,NA,1709
NA,NA,NA,1714
NA,NA,NA,1721
NA,NA,NA,1727
NA,NA,NA,1736
NA,NA,NA,1738
NA,NA,NA,1754
NA,NA,NA,1757
NA,NA,NA,1764
NA,NA,NA,1773
NA,NA,NA,1774
NA,NA,NA,1781
NA,NA,NA,1783
NA,NA,NA,1785
NA,NA,NA,1804
NA,NA,NA,1811
NA,NA,NA,1820
NA,NA,NA,1821
NA,NA,NA,1834
NA,NA,NA,1859
NA,NA,NA,1863
NA,NA,NA,1872
NA,NA,NA,1877
NA,NA,NA,1886
NA,NA,NA,1894
NA,NA,NA,1897
NA,NA,NA,1906
NA,NA,NA,1908
NA,NA,NA,1909
NA,NA,NA,1916
NA,NA,NA,1917
NA,NA,NA,1922
NA,NA,NA,1935
NA,NA,NA,1943
NA,NA,NA,1946
NA,NA,NA,1947
NA,NA,NA,1951
NA,NA,NA,1959
NA,NA,NA,1965
NA,NA,NA,1972
NA,NA,NA,1973
NA,NA,NA,1982
NA,NA,NA,1984
NA,NA,NA,1985
NA,NA,NA,1992
NA,NA,NA,1993
NA,NA,NA,1998
NA,NA,NA,1999
NA,NA,NA,2000
NA,NA,NA,2002
NA,NA,NA,2003
NA,NA,NA,2004
NA,NA,NA,2005
NA,NA,NA,2006
NA,NA,NA,2007
NA,NA,NA,2008
NA,NA,NA,2009
NA,NA,NA,2010
NA,NA,NA,2011
NA,NA,NA,2012
NA,NA,NA,2013
NA,NA,NA,2014
NA,NA,NA,2015
NA,NA,NA,2016
NA,NA,NA,2017
NA,NA,NA,2018
